{
  "num_samples": 25000,
  "accuracy": 0.9634,
  "precision_per_class": [
    0.9879839786381842,
    0.9380819366852886,
    0.9604654870078112,
    0.9688443808615482
  ],
  "recall_per_class": [
    0.9472,
    0.9672,
    0.964,
    0.9752
  ],
  "f1_per_class": [
    0.9671622283940533,
    0.9524184654167324,
    0.9622294977241875,
    0.972011801291763
  ],
  "support_per_class": [
    6250,
    6250,
    6250,
    6250
  ],
  "precision_macro": 0.9638439457982081,
  "recall_macro": 0.9634,
  "f1_macro": 0.963455498206684,
  "mean_confidence": 0.9549965806176803,
  "std_confidence": 0.10944357183184887,
  "min_confidence": 0.27517162460770883,
  "max_confidence": 0.9999998611507248,
  "mean_latency_ms": 19.68706650029416,
  "std_latency_ms": 9.563544806376083,
  "min_latency_ms": 5.0,
  "max_latency_ms": 74.87708449509184,
  "p50_latency_ms": 18.781133518605113,
  "p95_latency_ms": 37.12904912126903,
  "p99_latency_ms": 46.0973128309195,
  "confusion_matrix": [
    [
      5920,
      163,
      73,
      94
    ],
    [
      29,
      6045,
      131,
      45
    ],
    [
      20,
      148,
      6025,
      57
    ],
    [
      23,
      88,
      44,
      6095
    ]
  ],
  "error_rate": 0.036599999999999966,
  "tmr_snr": 1.0002342876305381,
  "tmr_crosstalk_rate": 0.0038001520060802433,
  "tmr_left_right_balance": 0.11914568808920364
}